{
  "timestamp": "2025-09-23T16:07:18.392840",
  "system_info": {
    "cpu_count": 16,
    "python_version": "3.12.3 (main, Aug 14 2025, 17:47:21) [GCC 13.3.0]",
    "platform": "linux"
  },
  "results": {
    "Python Single-threaded": {
      "10_files_1_threads": {
        "file_count": 10,
        "thread_count": 1,
        "times": [
          0.00020074844360351562,
          9.012222290039062e-05,
          7.343292236328125e-05,
          7.05718994140625e-05,
          7.081031799316406e-05,
          6.508827209472656e-05,
          0.000141143798828125,
          5.817413330078125e-05,
          0.0075681209564208984,
          0.00011873245239257812,
          0.00020194053649902344,
          8.320808410644531e-05,
          7.295608520507812e-05,
          6.413459777832031e-05,
          6.246566772460938e-05,
          6.67572021484375e-05,
          0.0001125335693359375,
          6.127357482910156e-05,
          0.007065296173095703,
          0.00010943412780761719
        ],
        "total_time": 0.016356945037841797,
        "avg_time": 0.0008178472518920899,
        "median_time": 7.832050323486328e-05,
        "min_time": 5.817413330078125e-05,
        "max_time": 0.0075681209564208984,
        "std_dev": 0.0022244659059365694,
        "success_count": 20,
        "error_count": 0,
        "success_rate": 100.0,
        "files_per_second": 12227.222108853452,
        "throughput_mb_per_sec": 61136.11054426726
      },
      "10_files_2_threads": {
        "file_count": 10,
        "thread_count": 2,
        "times": [
          0.00019288063049316406,
          7.2479248046875e-05,
          6.461143493652344e-05,
          6.127357482910156e-05,
          6.031990051269531e-05,
          5.984306335449219e-05,
          0.000102996826171875,
          5.1021575927734375e-05,
          0.006457805633544922,
          0.00010061264038085938,
          0.0001850128173828125,
          7.295608520507812e-05,
          6.175041198730469e-05,
          6.198883056640625e-05,
          5.9604644775390625e-05,
          5.91278076171875e-05,
          0.00010275840759277344,
          5.1975250244140625e-05,
          0.006956815719604492,
          0.000133514404296875
        ],
        "total_time": 0.014969348907470703,
        "avg_time": 0.0007484674453735352,
        "median_time": 6.854534149169922e-05,
        "min_time": 5.1021575927734375e-05,
        "max_time": 0.006956815719604492,
        "std_dev": 0.0020399013302809317,
        "success_count": 20,
        "error_count": 0,
        "success_rate": 100.0,
        "files_per_second": 13360.63453636161,
        "throughput_mb_per_sec": 66803.17268180805
      },
      "10_files_4_threads": {
        "file_count": 10,
        "thread_count": 4,
        "times": [
          0.00018930435180664062,
          7.987022399902344e-05,
          7.05718994140625e-05,
          6.914138793945312e-05,
          6.890296936035156e-05,
          6.794929504394531e-05,
          0.00011920928955078125,
          5.936622619628906e-05,
          0.007183074951171875,
          0.00012493133544921875,
          0.00023746490478515625,
          7.939338684082031e-05,
          0.00010251998901367188,
          9.560585021972656e-05,
          7.605552673339844e-05,
          6.961822509765625e-05,
          0.00011181831359863281,
          5.53131103515625e-05,
          0.0070912837982177734,
          8.940696716308594e-05
        ],
        "total_time": 0.016040802001953125,
        "avg_time": 0.0008020401000976562,
        "median_time": 8.463859558105469e-05,
        "min_time": 5.53131103515625e-05,
        "max_time": 0.007183074951171875,
        "std_dev": 0.0021670829367434396,
        "success_count": 20,
        "error_count": 0,
        "success_rate": 100.0,
        "files_per_second": 12468.20451843044,
        "throughput_mb_per_sec": 62341.0225921522
      },
      "20_files_1_threads": {
        "file_count": 20,
        "thread_count": 1,
        "times": [
          0.00020122528076171875,
          7.152557373046875e-05,
          6.890296936035156e-05,
          6.628036499023438e-05,
          7.486343383789062e-05,
          7.176399230957031e-05,
          0.0001049041748046875,
          5.817413330078125e-05,
          0.00713658332824707,
          0.00011301040649414062,
          7.295608520507812e-05,
          6.508827209472656e-05,
          0.007691621780395508,
          0.02029705047607422,
          9.226799011230469e-05,
          9.250640869140625e-05,
          6.67572021484375e-05,
          6.365776062011719e-05,
          5.888938903808594e-05,
          6.556510925292969e-05,
          0.00016760826110839844,
          7.462501525878906e-05,
          6.866455078125e-05,
          6.747245788574219e-05,
          6.628036499023438e-05,
          7.700920104980469e-05,
          0.00011181831359863281,
          5.817413330078125e-05,
          0.0073413848876953125,
          0.0001308917999267578,
          6.937980651855469e-05,
          6.127357482910156e-05,
          0.007155895233154297,
          0.02216935157775879,
          0.00010323524475097656,
          9.465217590332031e-05,
          8.440017700195312e-05,
          6.67572021484375e-05,
          5.435943603515625e-05,
          6.103515625e-05
        ],
        "total_time": 0.07461786270141602,
        "avg_time": 0.0018654465675354004,
        "median_time": 7.37905502319336e-05,
        "min_time": 5.435943603515625e-05,
        "max_time": 0.02216935157775879,
        "std_dev": 0.005012082052174424,
        "success_count": 40,
        "error_count": 0,
        "success_rate": 100.0,
        "files_per_second": 10721.293414704285,
        "throughput_mb_per_sec": 53606.467073521424
      },
      "20_files_2_threads": {
        "file_count": 20,
        "thread_count": 2,
        "times": [
          0.00016689300537109375,
          7.176399230957031e-05,
          6.580352783203125e-05,
          7.176399230957031e-05,
          6.914138793945312e-05,
          7.677078247070312e-05,
          0.00011014938354492188,
          5.9604644775390625e-05,
          0.006707668304443359,
          0.0001251697540283203,
          6.628036499023438e-05,
          5.745887756347656e-05,
          0.006829261779785156,
          0.020563840866088867,
          8.869171142578125e-05,
          9.918212890625e-05,
          6.866455078125e-05,
          6.67572021484375e-05,
          6.604194641113281e-05,
          6.699562072753906e-05,
          0.0001881122589111328,
          7.700920104980469e-05,
          6.914138793945312e-05,
          6.437301635742188e-05,
          6.771087646484375e-05,
          6.198883056640625e-05,
          0.00011157989501953125,
          6.699562072753906e-05,
          0.006951332092285156,
          0.00014662742614746094,
          6.818771362304688e-05,
          6.0558319091796875e-05,
          0.00700688362121582,
          0.02131962776184082,
          0.0001049041748046875,
          0.00010418891906738281,
          6.723403930664062e-05,
          6.246566772460938e-05,
          6.4849853515625e-05,
          6.413459777832031e-05
        ],
        "total_time": 0.07222580909729004,
        "avg_time": 0.001805645227432251,
        "median_time": 7.045269012451172e-05,
        "min_time": 5.745887756347656e-05,
        "max_time": 0.02131962776184082,
        "std_dev": 0.004899777370361285,
        "success_count": 40,
        "error_count": 0,
        "success_rate": 100.0,
        "files_per_second": 11076.372975239075,
        "throughput_mb_per_sec": 55381.86487619538
      },
      "20_files_4_threads": {
        "file_count": 20,
        "thread_count": 4,