{
  "baseline": {
    "single_file": {
      "total_files": 10,
      "successful_files": 9,
      "failed_files": 1,
      "total_time": 0.0006281569949351251,
      "file_times": [
        4.71430248580873e-05,
        2.891398617066443e-05,
        0.00016252198838628829,
        8.269300451502204e-05,
        7.249601185321808e-05,
        9.533399133943021e-05,
        3.806399763561785e-05,
        3.478099824860692e-05,
        6.620999192818999e-05
      ],
      "file_sizes": [
        1621,
        23266,
        55994,
        15392346,
        2401139,
        676759,
        1458381,
        22927454,
        29705058,
        77012867
      ],
      "field_counts": [
        10,
        10,
        78,
        66,
        81,
        110,
        7,
        7,
        7
      ],
      "memory_usage": [
        0.0625,
        0.0,
        0.05859375,
        0.00390625,
        0.0,
        0.00390625,
        0.0,
        0.0,
        0.0
      ],
      "errors": [
        "1589989689710_.jpg: Invalid EXIF data: No EXIF segment found"
      ],
      "avg_time": 6.979522165945834e-05,
      "median_time": 6.620999192818999e-05,
      "min_time": 2.891398617066443e-05,
      "max_time": 0.00016252198838628829,
      "std_time": 4.1614671122392304e-05,
      "avg_memory": 0.014322916666666666,
      "avg_fields": 41.77777777777778,
      "avg_file_size": 14965488.5
    },
    "batch_processing": {
      "total_files": 10,
      "batch_times": [
        {
          "batch_size": 1,
          "time": 0.006090133014367893,
          "time_per_file": 0.006090133014367893,
          "memory_delta": 0.34765625
        },
        {
          "batch_size": 5,
          "time": 0.009780292981304228,
          "time_per_file": 0.0019560585962608455,
          "memory_delta": 0.11328125
        },
        {
          "batch_size": 10,
          "time": 0.01445089202024974,
          "time_per_file": 0.0014450892020249739,
          "memory_delta": 0.05859375
        },
        {
          "batch_size": 10,
          "time": 0.017344228021102026,
          "time_per_file": 0.0017344228021102027,
          "memory_delta": 0.01171875
        }
      ],
      "memory_usage": [],
      "errors": []
    },
    "memory_efficiency": {
      "file_memory_ratios": [
        0.0,
        0.0,
        0.0,
        0.0,
        0.0,
        0.005617187826775033,
        0.0,
        0.0,
        0.0
      ],
      "peak_memory_usage": [
        0.0,
        0.0,
        0.0,
        0.0,
        0.0,
        0.0078125,
        0.0,
        0.0,
        0.0
      ],
      "memory_per_field": [
        0.0,
        0.0,
        0.0,
        0.0,
        0.0,
        7.102272727272727e-05,
        0.0,
        0.0,
        0.0
      ],
      "avg_memory_ratio": 0.0006241319807527815,
      "avg_peak_memory": 0.0008680555555555555,
      "avg_memory_per_field": 7.891414141414141e-06
    },
    "selective_fields": {
      "all_fields": {
        "avg_time": 6.79912482155487e-05,
        "avg_fields": 41,
        "times": [
          3.142899367958307e-05,
          3.2476993510499597e-05,
          0.00012983600026927888,
          7.822300540283322e-05
        ]
      },
      "basic_fields": {
        "avg_time": 6.432399823097512e-05,
        "avg_fields": 2.25,
        "times": [
          4.5535998651757836e-05,
          3.142899367958307e-05,
          0.0001024570083245635,
          7.787399226799607e-05
        ]
      },
      "gps_fields": {
        "avg_time": 6.57387645333074e-05,
        "avg_fields": 2,
        "times": [
          3.0521012376993895e-05,
          5.231201066635549e-05,
          0.0001038550108205527,
          7.626702426932752e-05
        ]
      },
      "maker_notes": {
        "avg_time": 6.257824134081602e-05,
        "avg_fields": 0.5,
        "times": [
          3.785500302910805e-05,
          4.008898395113647e-05,
          0.00010022299829870462,
          7.214598008431494e-05
        ]
      }
    }
  },
  "v2_0": {
    "single_file": {
      "total_files": 10,
      "successful_files": 9,
      "failed_files": 1,
      "total_time": 0.0005747279792558402,
      "file_times": [
        3.785398439504206e-05,
        4.8610003432258964e-05,
        0.00011202599853277206,
        8.108699694275856e-05,
        7.9549994552508e-05,
        0.00010029299301095307,
        4.043898661620915e-05,
        3.722502151504159e-05,
        3.764400025829673e-05
      ],
      "file_sizes": [
        1621,
        23266,
        55994,
        15392346,
        2401139,
        676759,
        1458381,
        22927454,
        29705058,
        77012867
      ],
      "field_counts": [
        10,
        10,
        78,
        66,
        81,
        110,
        7,
        7,
        7
      ],
      "memory_usage": [
        0.0,
        0.0,
        0.0,
        0.0,
        0.0,
        0.0,
        0.0,
        0.0,
        0.0
      ],
      "errors": [
        "1589989689710_.jpg: Invalid EXIF data: No EXIF segment found"
      ],
      "avg_time": 6.385866436176002e-05,
      "median_time": 4.8610003432258964e-05,
      "min_time": 3.722502151504159e-05,
      "max_time": 0.00011202599853277206,
      "std_time": 2.9674044978945103e-05,
      "avg_memory": 0.0,
      "avg_fields": 41.77777777777778,
      "avg_file_size": 14965488.5
    },
    "batch_processing": {
      "total_files": 10,
      "batch_times": [
        {
          "batch_size": 1,
          "time": 0.00576096901204437,
          "time_per_file": 0.00576096901204437,
          "memory_delta": 0.00390625
        },
        {
          "batch_size": 5,
          "time": 0.011614616989390925,
          "time_per_file": 0.002322923397878185,
          "memory_delta": 0.0
        },
        {
          "batch_size": 10,
          "time": 0.01540611800737679,
          "time_per_file": 0.001540611800737679,
          "memory_delta": 0.0
        },
        {
          "batch_size": 10,
          "time": 0.015543218003585935,
          "time_per_file": 0.0015543218003585934,
          "memory_delta": 0.0
        }
      ],
      "memory_usage": [],
      "errors": []
    },
    "memory_efficiency": {
      "file_memory_ratios": [
        0.0,
        0.0,
        0.0,
        0.0,
        0.0,
        0.0,
        0.0,
        0.0,
        0.0
      ],
      "peak_memory_usage": [
        0.0,
        0.0,
        0.0,
        0.0,
        0.0,
        0.0,
        0.0,
        0.0,
        0.0
      ],
      "memory_per_field": [
        0.0,
        0.0,
        0.0,
        0.0,
        0.0,
        0.0,
        0.0,
        0.0,
        0.0
      ],
      "avg_memory_ratio": 0.0,
      "avg_peak_memory": 0.0,
      "avg_memory_per_field": 0.0
    },
    "selective_fields": {
      "all_fields": {
        "avg_time": 5.5419754062313586e-05,
        "avg_fields": 41,
        "times": [
          2.723900252021849e-05,
          3.806399763561785e-05,
          9.009600034914911e-05,
          6.62800157442689e-05
        ]
      },
      "basic_fields": {
        "avg_time": 6.189700070535764e-05,
        "avg_fields": 2.25,
        "times": [
          3.0520022846758366e-05,
          2.6260007871314883e-05,
          0.00011894098133780062,
          7.186699076555669e-05
        ]
      },
      "gps_fields": {
        "avg_time": 5.3690746426582336e-05,
        "avg_fields": 2,
        "times": [
          2.7586997020989656e-05,
          2.6399997295811772e-05,
          8.737199823372066e-05,
          7.340399315580726e-05
        ]
      },
      "maker_notes": {
        "avg_time": 6.434175156755373e-05,
        "avg_fields": 0.5,
        "times": [
          3.51310009136796e-05,
          2.5771994842216372e-05,
          9.868599590845406e-05,
          9.777801460586488e-05
        ]
      }
    }
  },
  "comparison": {
    "single_file_speedup": {
      "baseline_time": 6.979522165945834e-05,
      "v2_0_time": 6.385866436176002e-05,