{
  "timestamp": "2025-09-23T12:06:19.005967",
  "total_files": 72,
  "format_distribution": {
    ".jpg": 72
  },
  "file_counts": [
    10,
    50
  ],
  "results": {
    "ExifTool": {
      "10": {
        "times": [
          0.3178577423095703,
          0.46465110778808594,
          0.4723074436187744,
          0.48827648162841797,
          0.48955202102661133,
          0.4917452335357666,
          0.5157899856567383,
          0.515143871307373,
          0.5165131092071533,
          0.5165643692016602,
          0.3244943618774414,
          0.48573899269104004,
          0.5080358982086182,
          0.508453369140625,
          0.5135092735290527,
          0.5249783992767334,
          0.531989336013794,
          0.5506129264831543,
          0.5556640625,
          0.5660886764526367
        ],
        "total_time": 9.857966661453247,
        "avg_time": 0.49289833307266234,
        "median_time": 0.5109813213348389,
        "min_time": 0.3178577423095703,
        "max_time": 0.5660886764526367,
        "std_dev": 0.06428688277721728,
        "success_count": 20,
        "error_count": 0,
        "success_rate": 100.0,
        "files_per_second": 2.0288159502713947,
        "total_fields": 170,
        "avg_fields_per_file": 8.5
      },
      "50": {
        "times": [
          0.5288364887237549,
          0.6783390045166016,
          0.6863481998443604,
          0.7176773548126221,
          0.726478099822998,
          0.7324330806732178,
          0.7350776195526123,
          0.7695803642272949,
          0.8124923706054688,
          0.8224813938140869,
          0.8684196472167969,
          0.9172255992889404,
          0.9157326221466064,
          0.927924633026123,
          0.9283056259155273,
          0.9513654708862305,
          0.3660614490509033,
          0.5409364700317383,
          0.4635179042816162,
          0.5182173252105713,
          0.6959137916564941,
          0.8843142986297607,
          0.6912450790405273,
          0.7138164043426514,
          0.6223065853118896,
          0.637925386428833,
          0.8979260921478271,
          0.8623764514923096,
          0.635352611541748,
          0.7830274105072021,
          0.9930903911590576,
          0.8394589424133301,
          0.47493481636047363,
          0.9104616641998291,
          0.47321081161499023,
          0.39441776275634766,
          0.5800557136535645,
          0.4542229175567627,
          0.712364673614502,
          0.8466472625732422,
          0.4709799289703369,
          0.43863821029663086,
          0.7292060852050781,
          0.7356212139129639,
          0.46349000930786133,
          0.5567362308502197,
          0.5662074089050293,
          0.5856878757476807,
          0.5601530075073242,
          0.560753345489502,
          0.5099315643310547,
          0.5515766143798828,
          0.6632566452026367,
          0.7004728317260742,
          0.6999189853668213,
          0.7897546291351318,
          0.8138072490692139,
          0.8271284103393555,
          0.8336210250854492,
          0.8447396755218506,
          0.861480712890625,
          0.8652951717376709,
          0.8704853057861328,
          0.9259228706359863,
          0.9617807865142822,
          1.0135138034820557,
          0.5689380168914795,
          0.6201493740081787,
          0.4949221611022949,
          0.5069725513458252,
          0.884007453918457,
          0.5245511531829834,
          0.8403456211090088,
          0.7772393226623535,
          0.7567777633666992,
          0.8758063316345215,
          0.7952475547790527,
          0.787775993347168,
          0.8463869094848633,
          0.755699634552002,
          0.7161955833435059,
          0.9363541603088379,
          0.5511000156402588,
          1.0028047561645508,
          0.69032883644104,
          0.4874417781829834,
          0.8014481067657471,
          0.5153837203979492,
          0.5459420680999756,
          0.4947376251220703,
          0.5206999778747559,
          0.6213715076446533,
          0.5278708934783936,
          0.8534526824951172,
          0.4911642074584961,
          0.8741424083709717,
          0.5429074764251709,
          0.5522289276123047,
          0.5537676811218262,
          0.6516995429992676
        ],
        "total_time": 70.07654118537903,
        "avg_time": 0.7007654118537903,
        "median_time": 0.7130905389785767,
        "min_time": 0.3660614490509033,
        "max_time": 1.0135138034820557,
        "std_dev": 0.1644704469181905,
        "success_count": 100,
        "error_count": 0,
        "success_rate": 100.0,
        "files_per_second": 1.427011069731054,
        "total_fields": 822,
        "avg_fields_per_file": 8.22
      }
    },
    "Fast EXIF Reader": {
      "10": {
        "times": [
          0.0003495216369628906,
          0.0002944469451904297,
          0.0003082752227783203,
          0.0002999305725097656,
          0.0002994537353515625,
          0.00027251243591308594,
          0.00029778480529785156,
          0.0002951622009277344,
          0.0002727508544921875,
          0.00013566017150878906,
          0.0003066062927246094,
          0.000263214111328125,
          0.00025463104248046875,
          0.0002853870391845703,
          0.00035381317138671875,
          0.0003399848937988281,
          0.0003437995910644531,
          0.0002486705780029297,
          0.000217437744140625,
          0.00022482872009277344
        ],
        "total_time": 0.005663871765136719,
        "avg_time": 0.0002831935882568359,
        "median_time": 0.00029480457305908203,
        "min_time": 0.00013566017150878906,
        "max_time": 0.00035381317138671875,
        "std_dev": 5.161630231894946e-05,
        "success_count": 20,
        "error_count": 0,
        "success_rate": 100.0,
        "files_per_second": 3531.153392827075,
        "total_fields": 660,
        "avg_fields_per_file": 33.0
      },