{
  "timestamp": "2025-09-23T12:05:22.635072",
  "total_files": 72,
  "format_distribution": {
    ".jpg": 72
  },
  "file_counts": [
    10,
    50
  ],
  "results": {
    "ExifTool": {
      "10": {
        "times": [
          0.27921581268310547,
          0.46758079528808594,
          0.49094462394714355,
          0.503695011138916,
          0.503049373626709,
          0.5075793266296387,
          0.5162818431854248,
          0.5183224678039551,
          0.5188267230987549,
          0.5272581577301025,
          0.3257908821105957,
          0.47676920890808105,
          0.4942629337310791,
          0.4943516254425049,
          0.5048048496246338,
          0.5052781105041504,
          0.5112452507019043,
          0.5199592113494873,
          0.5327813625335693,
          0.5408749580383301
        ],
        "total_time": 9.738872528076172,
        "avg_time": 0.4869436264038086,
        "median_time": 0.5050414800643921,
        "min_time": 0.27921581268310547,
        "max_time": 0.5408749580383301,
        "std_dev": 0.06590359837961735,
        "success_count": 20,
        "error_count": 0,
        "success_rate": 100.0,
        "files_per_second": 2.053625811647298,
        "total_fields": 170,
        "avg_fields_per_file": 8.5
      },
      "50": {
        "times": [
          0.49921751022338867,
          0.5131983757019043,
          0.63865065574646,
          0.6459004878997803,
          0.6590054035186768,
          0.7009165287017822,
          0.7166147232055664,
          0.7309167385101318,
          0.7420792579650879,
          0.764535665512085,
          0.776432991027832,
          0.8143959045410156,
          0.8130354881286621,
          0.8604564666748047,
          0.8613932132720947,
          0.8942227363586426,
          0.43852782249450684,
          0.38448429107666016,
          0.44739723205566406,
          0.43418288230895996,
          0.801377534866333,
          0.5688433647155762,
          0.728400468826294,
          0.8160498142242432,
          0.8426575660705566,
          0.7077972888946533,
          0.9454395771026611,
          0.7343263626098633,
          0.9284687042236328,
          0.6753716468811035,
          0.834587812423706,
          0.6762945652008057,
          0.818760871887207,
          0.9488680362701416,
          0.47678279876708984,
          0.712425708770752,
          0.46314501762390137,
          0.3757328987121582,
          0.651078462600708,
          0.5041801929473877,
          0.41101789474487305,
          0.4040961265563965,
          0.43230175971984863,
          0.7282476425170898,
          0.48276710510253906,
          0.49486398696899414,
          0.547231912612915,
          0.4851109981536865,
          0.49606895446777344,
          0.5361766815185547,
          0.45358824729919434,
          0.5517280101776123,
          0.6688804626464844,
          0.7001311779022217,
          0.7151103019714355,
          0.7258353233337402,
          0.7279584407806396,
          0.730839729309082,
          0.7341697216033936,
          0.7485506534576416,
          0.7507526874542236,
          0.751697301864624,
          0.7788217067718506,
          0.8033363819122314,
          0.8298382759094238,
          0.8775973320007324,
          0.3763465881347656,
          0.3446202278137207,
          0.5886735916137695,
          0.46812868118286133,
          0.49762749671936035,
          0.5992186069488525,
          0.5701034069061279,
          0.6157114505767822,
          0.6914699077606201,
          0.7078421115875244,
          0.7271106243133545,
          0.6169905662536621,
          0.807701826095581,
          0.8351383209228516,
          0.7620460987091064,
          0.84804368019104,
          0.7283370494842529,
          0.4115159511566162,
          0.6606271266937256,
          0.6571786403656006,
          0.43279576301574707,
          0.4133322238922119,
          0.5020751953125,
          0.6156303882598877,
          0.4361751079559326,
          0.49292588233947754,
          0.4518146514892578,
          0.4435420036315918,
          0.695997953414917,
          0.4498445987701416,
          0.5246579647064209,
          0.4863719940185547,
          0.4817991256713867,
          0.4876282215118408
        ],
        "total_time": 63.54189491271973,
        "avg_time": 0.6354189491271973,
        "median_time": 0.6598162651062012,
        "min_time": 0.3446202278137207,
        "max_time": 0.9488680362701416,
        "std_dev": 0.15718359176510624,
        "success_count": 100,
        "error_count": 0,
        "success_rate": 100.0,
        "files_per_second": 1.573764838731338,
        "total_fields": 822,
        "avg_fields_per_file": 8.22
      }
    },
    "Fast EXIF Reader": {
      "10": {
        "times": [
          0.0005671977996826172,
          0.0006623268127441406,
          0.0001690387725830078,
          0.0005502700805664062,
          0.0006761550903320312,
          0.0005609989166259766,
          0.0006301403045654297,
          0.0006248950958251953,
          0.0005633831024169922,
          0.0004849433898925781,
          0.0005862712860107422,
          0.0005674362182617188,
          0.0006687641143798828,
          0.0005776882171630859,
          0.0005533695220947266,
          0.00020384788513183594,
          0.0005486011505126953,
          0.00019073486328125,
          0.0005621910095214844,
          0.0005562305450439453
        ],
        "total_time": 0.010504484176635742,
        "avg_time": 0.0005252242088317871,
        "median_time": 0.0005627870559692383,
        "min_time": 0.0001690387725830078,
        "max_time": 0.0006761550903320312,
        "std_dev": 0.00015283836718019792,
        "success_count": 20,
        "error_count": 0,
        "success_rate": 100.0,
        "files_per_second": 1903.9487959327266,
        "total_fields": 1960,
        "avg_fields_per_file": 98.0
      },